{
   "format_version" : [ 1, 1, 0 ],
   "leaves" : {
      "isotropic" : {
         "down" : false,
         "up" : false
      }
   },
   "leaves2" : {
      "isotropic" : {
         "down" : false,
         "up" : false
      }
   },
   "obsidian" : {
      "isotropic" : false
   },
   "red_sandstone" : {
      "isotropic" : {
         "down" : false,
         "up" : false
      }
   },
   "red_sandstone_stairs" : {
      "isotropic" : {
         "down" : false,
         "up" : false
      }
   },
   "sandstone" : {
      "isotropic" : {
         "down" : false,
         "up" : false
      }
   },
   "sandstone_stairs" : {
      "isotropic" : {
         "down" : false,
         "up" : false
      }
   },
   "hardened_clay" : {
      "isotropic" : false
   },
   "stained_hardened_clay" : {
      "isotropic" : false
   },
   "glowstone" : {
      "isotropic" : false
   },
   "magma" : {
      "isotropic" : false
   },
   "snow" : {
      "brightness_gamma" : 0.450,
      "isotropic" : false,
      "sound" : "snow",
      "textures" : "snow"
   },
   "dirt" : {
      "isotropic" : false,
      "sound" : "gravel",
      "textures" : "dirt"
   },
   "grass_path" : {
      "isotropic" : {
         "down" : false,
         "up" : true
      },
      "sound" : "grass",
      "textures" : {
         "down" : "dirt",
         "side" : "grass_path_side",
         "up" : "grass_path_top"
      }
   },
   "infested_deepslate" : {
      "isotropic" : {
         "down" : false,
         "up" : false
      },
      "sound" : "deepslate",
      "textures" : {
         "down" : "deepslate_top",
         "side" : "deepslate",
         "up" : "deepslate_top"
      }
   },
   "sculk" : {
      "isotropic" : false,
      "sound" : "sculk",
      "textures" : "sculk"
   },
   "snow_layer" : {
      "brightness_gamma" : 0.450,
      "isotropic" : false,
      "sound" : "snow",
      "textures" : "snow"
   },
   "sponge" : {
      "isotropic" : false,
      "sound" : "grass",
      "textures" : "sponge"
   },
   "clay" : {
      "isotropic" : false,
      "sound" : "gravel",
      "textures" : "clay"
   },
   "crying_obsidian" : {
      "brightness_gamma" : 2.0,
      "isotropic" : false,
      "sound" : "stone",
      "textures" : "crying_obsidian"
   },
   "deepslate" : {
      "isotropic" : {
         "down" : false,
         "up" : false
      },
      "sound" : "deepslate",
      "textures" : {
         "down" : "deepslate_top",
         "side" : "deepslate",
         "up" : "deepslate_top"
      }
   },
   "dirt_with_roots" : {
      "isotropic" : false,
      "sound" : "dirt_with_roots",
      "textures" : "dirt_with_roots"
   }
}